<?xml version="1.0" encoding="UTF-8"?>
<beans xmlns="http://www.springframework.org/schema/beans" xmlns:xsi="http://www.w3.org/2001/XMLSchema-instance"
	xmlns:tx="http://www.springframework.org/schema/tx"
	xsi:schemaLocation="http://www.springframework.org/schema/beans http://www.springframework.org/schema/beans/spring-beans-2.0.xsd http://www.springframework.org/schema/tx http://www.springframework.org/schema/tx/spring-tx-2.0.xsd">

	<!-- couches applicatives -->
	<bean id="dao" class="dao.Dao" />
	<bean id="service" class="service.Service">
		<property name="dao" ref="dao" />
	</bean>

	<bean id="entityManagerFactory" class="org.springframework.orm.jpa.LocalContainerEntityManagerFactoryBean">
		<property name="dataSource" ref="dataSource" />
		<property name="jpaVendorAdapter">
			<bean class="org.springframework.orm.jpa.vendor.HibernateJpaVendorAdapter">
				<!-- 
					<property name="showSql" value="true" />
				-->
				<property name="databasePlatform" value="org.hibernate.dialect.FirebirdDialect" />
				<property name="generateDdl" value="true" />
			</bean>
		</property>
		<property name="loadTimeWeaver">
			<bean class="org.springframework.instrument.classloading.InstrumentationLoadTimeWeaver" />
		</property>
	</bean>

	<!-- la source de donnéees DBCP -->
	<bean id="dataSource" class="org.apache.commons.dbcp.BasicDataSource" destroy-method="close">
		<property name="driverClassName" value="org.firebirdsql.jdbc.FBDriver" />
		<property name="url" value="jdbc:firebirdsql:localhost/3050:C:\data\2006-2007\databases\firebird\jpa\jpa.fdb" />
		<property name="username" value="sysdba" />
		<property name="password" value="masterkey" />
	</bean>

	<!-- le gestionnaire de transactions -->
	<tx:annotation-driven transaction-manager="txManager" />
	<bean id="txManager" class="org.springframework.orm.jpa.JpaTransactionManager">
		<property name="entityManagerFactory" ref="entityManagerFactory" />
	</bean>

	<!-- traduction des exceptions -->
	<bean class="org.springframework.dao.annotation.PersistenceExceptionTranslationPostProcessor" />

	<!-- persistence -->
	<bean class="org.springframework.orm.jpa.support.PersistenceAnnotationBeanPostProcessor" />

</beans>