<project name="jpa-hibernate" default="compile" basedir=".">

	<!-- nom du projet et version -->
	<property name="proj.name" value="jpa-hibernate" />
	<property name="proj.shortname" value="jpa-hibernate" />
	<property name="version" value="1.0" />

	<!-- Propriété globales -->
	<property name="src.java.dir" value="src" />
	<property name="lib.dir" value="../../../lib" />
	<property name="build.dir" value="bin" />

	<!-- le Classpath du projet -->
	<path id="project.classpath">
		<fileset dir="${lib.dir}">
			<include name="**/*.jar" />
		</fileset>
	</path>

	<!-- les fichiers de configuration qui doivent être dans le classpath-->
	<patternset id="conf">
		<include name="**/*.xml" />
		<include name="**/*.properties" />
	</patternset>

	<!-- Nettoyage projet -->
	<target name="clean" description="Nettoyer le projet">
		<delete dir="${build.dir}" />
		<mkdir dir="${build.dir}" />
	</target>

	<!-- Compilation projet -->
	<target name="compile" depends="clean">
		<javac srcdir="${src.java.dir}" destdir="${build.dir}" classpathref="project.classpath" />
	</target>

	<!-- Copier les fichiers de configuration dans le classpath -->
	<target name="copyconf">
		<mkdir dir="${build.dir}" />
		<copy todir="${build.dir}">
			<fileset dir="${src.java.dir}">
				<patternset refid="conf" />
			</fileset>
		</copy>
	</target>

	<!-- Hibernate Tools -->
	<taskdef name="hibernatetool" classname="org.hibernate.tool.ant.HibernateToolTask" classpathref="project.classpath" />

	<!-- Générer le schéma de la base -->
	<target name="DDL" depends="compile, copyconf" description="Génération DDL base">

		<hibernatetool destdir="${basedir}">
			<classpath path="${build.dir}" />
			<!-- Utiliser META-INF/persistence.xml -->
			<jpaconfiguration />
			<!-- export -->
			<hbm2ddl drop="true" create="true" export="false" outputfilename="ddl/schema.sql" delimiter=";" format="true" />
		</hibernatetool>
	</target>

	<!-- Générer la base -->
	<target name="BD" depends="compile, copyconf" description="Génération BD">

		<hibernatetool destdir="${basedir}">
			<classpath path="${build.dir}" />
			<!-- Utiliser META-INF/persistence.xml -->
			<jpaconfiguration />
			<!-- export -->
			<hbm2ddl drop="true" create="true" export="true" outputfilename="ddl/schema.sql" delimiter=";" format="true" />
		</hibernatetool>
	</target>
</project>
