<?xml version="1.0" encoding="UTF-8"?>

<deployment xmlns:xsi="http://www.w3.org/2001/XMLSchema-instance" xsi:schemaLocation="urn:jboss:bean-deployer bean-deployer_1_0.xsd"
	xmlns="urn:jboss:bean-deployer:2.0">

	<!-- factory de la DataSource -->
	<bean name="datasourceFactory" class="org.jboss.resource.adapter.jdbc.local.LocalTxDataSource">
		<!-- nom JNDI de la DataSource -->
		<property name="jndiName">java:/datasource</property>

		<!-- base de données gérée -->
		<property name="driverClass">org.postgresql.Driver</property>
		<property name="connectionURL">jdbc:postgresql:jpa</property>
		<property name="userName">jpa</property>
		<property name="password">jpa</property>

		<!-- propriétés pool de connexions -->
		<property name="minSize">0</property>
		<property name="maxSize">10</property>
		<property name="blockingTimeout">1000</property>
		<property name="idleTimeout">100000</property>

		<!-- gestionnaire de transactions, ici JTA -->
		<property name="transactionManager">
			<inject bean="TransactionManager" />
		</property>
		<!-- gestionnaire du cache Hibernate -->
		<property name="cachedConnectionManager">
			<inject bean="CachedConnectionManager" />
		</property>
		<!-- propriétés instanciation JNDI ? -->
		<property name="initialContextProperties">
			<inject bean="InitialContextProperties" />
		</property>
	</bean>

	<!-- la DataSource est demandée à une factory -->
	<bean name="datasource" class="java.lang.Object">
		<constructor factoryMethod="getDatasource">
			<factory bean="datasourceFactory" />
		</constructor>
	</bean>

</deployment>
