<?xml version="1.0" encoding="UTF-8" ?>
<entity-mappings xmlns="http://java.sun.com/xml/ns/persistence/orm" xmlns:xsi="http://www.w3.org/2001/XMLSchema-instance"
	xsi:schemaLocation="http://java.sun.com/xml/ns/persistence/orm http://java.sun.com/xml/ns/persistence/orm_1_0.xsd" version="1.0">
	<description>Restaurants</description>
	<named-query name="supprimer le contenu de la table restaurant">
		<query>delete from Restaurant</query>
	</named-query>
	<named-query name="supprimer le contenu de la table plat">
		<query>delete from Plat</query>
	</named-query>
	<named-query name="obtenir tous les restaurants">
		<query>select r from Restaurant r order by r.nom asc</query>
	</named-query>
	<named-query name="obtenir toutes les adresses">
		<query>select a from Adresse a order by a.nomRue asc</query>
	</named-query>
	<named-query name="obtenir tous les plats">
		<query>select p from Plat p order by p.nom asc</query>
	</named-query>
	<named-query name="obtenir tous les restaurants avec leurs plats">
		<query>select r.nom,p.nom from Restaurant r join r.plats p</query>
	</named-query>
	<named-query name="obtenir les restaurants ayant au moins un plat vegetarien">
		<query>select distinct r from Restaurant r join r.plats p where p.vegetarien=true</query>
	</named-query>
	<named-query name="obtenir les restaurants avec uniquement des plats vegetariens">
		<query>
			select distinct r1.nom from Restaurant r1 where not exists (select p1 from Restaurant r2 join r2.plats p1 where r2.id=r1.id and
			p1.vegetarien=false)
		</query>
	</named-query>
	<named-query name="obtenir les restaurants d'une certaine rue">
		<query>select r from Restaurant r where r.adresse.nomRue=:nomRue</query>
	</named-query>
	<named-query name="obtenir les restaurants qui servent des burgers">
		<query>select r.nom,r.adresse.numeroRue, r.adresse.nomRue, p.nom from Restaurant r join r.plats p where p.nom like '%burger'</query>
	</named-query>
	<named-query name="obtenir les plats du restaurant untel">
		<query>select p.nom from Restaurant r join r.plats p where r.nom=:nomRestaurant</query>
	</named-query>
</entity-mappings>